"","V1","time","country","valence","sky","temperature"
"1","201801",1,"us",0.448498935483874,0.300845170454545,31.73512252042
"2","201802",2,"us",0.451688928571432,0.464498750780762,40.1751879699248
"3","201803",3,"us",0.457355709677425,0.413124660510592,38.6591787439614
"4","201804",4,"us",0.450444616666672,0.429779622209502,46.8832305795314
"5","201805",5,"us",0.443891193548392,0.445743220528911,62.3492990654205
"6","201806",6,"us",0.439895916666667,0.329833199356913,69.0907730673317
"7","201807",7,"us",0.420378354838706,0.200163031257027,75.8396551724138
"8","201808",8,"us",0.422916709677413,0.262068965517241,77.0860072376357
"9","201809",9,"us",0.424956533333332,0.488885414400696,70.4308139534883
"10","201810",10,"us",0.429276129032258,0.416673329069396,58.5517156862745
"11","201811",11,"us",0.432203416666663,0.449597666187369,45.2689054726369
"12","201812",12,"us",0.458095032258065,0.399685866785277,40.8520142180094
"13","201901",13,"us",0.427168435483871,0.384720708446867,33.9478260869565
"14","201902",14,"us",0.428841785714281,0.367007992007992,35.1143617021277
"15","201903",15,"us",0.43783003225806,0.379736598890943,39.7219264892268
"16","201904",16,"us",0.439884866666671,0.430804335424986,52.3916174734357
"17","201905",17,"us",0.457008483870969,0.485544307822769,59.0418308227115
"18","201906",18,"us",0.472183749999997,0.303405662566721,69.8976303317536
"19","201907",19,"us",0.47352172580645,0.251165385919313,78.0595561035759
"20","201908",20,"us",0.474802387096772,0.274130057155665,74.5959858323495
"21","201909",21,"us",0.474202649999997,0.248411754467394,69.3213422818792
"22","201910",22,"us",0.475114435483866,0.4552122514777,59.9104693140794
"23","201911",23,"us",0.481618016666663,0.295537716916539,44.1780132450331
"24","201912",24,"us",0.485162499999999,0.416616275051831,38.7308805790107
"25","201801",1,"no",0.435807419354838,0.553827474560592,24.412027027027
"26","201802",2,"no",0.435097017857145,0.506796116504854,20.1787810383747
"27","201803",3,"no",0.444957306451619,0.514401355421687,23.3948228882834
"28","201804",4,"no",0.449201733333335,0.449537937743191,39.6734177215191
"29","201805",5,"no",0.466673435483878,0.399400684931507,59.4414634146343
"30","201806",6,"no",0.472151383333337,0.329508196721311,61.9551675977655
"31","201807",7,"no",0.483750241935483,0.32525,70.1395537525356
"32","201808",8,"no",0.458266854838709,0.356745479833102,58.7348648648651
"33","201809",9,"no",0.441629033333336,0.389024390243902,52.1913043478261
"34","201810",10,"no",0.440902564516131,0.483811748998665,42.3945725915875
"35","201811",11,"no",0.449802233333337,0.572695412064571,35.1956338028168
"36","201812",12,"no",0.45165332258065,0.519115532118888,25.7672554347827
"37","201901",13,"no",0.433087483870973,0.499017857142857,22.4913580246914
"38","201902",14,"no",0.433714625000003,0.559655049786629,29.7775784753363
"39","201903",15,"no",0.444067806451613,0.483552631578947,32.4169072164949
"40","201904",16,"no",0.447788783333336,0.412171052631579,43.6701482004234
"41","201905",17,"no",0.44983283870968,0.371496815286624,48.0974915254238
"42","201906",18,"no",0.460680983333329,0.351644736842105,58.096859734822
"43","201907",19,"no",0.479195693548381,0.306138392857143,62.4635994587281
"44","201908",20,"no",0.465456080645157,0.350975433526012,60.0994594594594
"45","201909",21,"no",0.440151199999995,0.470490314769976,50.557746478873
"46","201910",22,"no",0.427127419354831,0.48007528556594,39.4686382393397
"47","201911",23,"no",0.440868683333328,0.486892439243924,30.2188679245283
"48","201912",24,"no",0.454489580645155,0.589519140989729,28.6959943780744
"49","201801",1,"ca",0.45179716129032,0.538896648044693,24.0346153846153
"50","201802",2,"ca",0.453065803571428,0.533880739795918,28.8335301062574
"51","201803",3,"ca",0.460908467741938,0.412772362385321,32.1990970654628
"52","201804",4,"ca",0.457053633333339,0.47180296377607,37.8606911447084
"53","201805",5,"ca",0.445247887096777,0.427409988385598,62.3653979238754
"54","201806",6,"ca",0.448724316666667,0.404761904761905,67.4109890109889
"55","201807",7,"ca",0.435407564516125,0.29047256097561,74.4567600487212
"56","201808",8,"ca",0.43270324999999,0.362485448195576,73.7010452961673
"57","201809",9,"ca",0.437507749999998,0.391939975247525,66.0345588235296
"58","201810",10,"ca",0.440838435483873,0.521496406570842,48.7387259858443
"59","201811",11,"ca",0.444037766666663,0.537845303867403,35.8198019801979
"60","201812",12,"ca",0.479302064516129,0.614663726571114,32.5973626373628
"61","201901",13,"ca",0.441205322580644,0.542467948717949,21.1381193124368
"62","201902",14,"ca",0.440506892857138,0.59698275862069,25.2777335984095
"63","201903",15,"ca",0.437733887096769,0.472965440356745,30.8256578947368
"64","201904",16,"ca",0.444960183333333,0.546554054054054,43.3137339055792
"65","201905",17,"ca",0.465002532258063,0.471454640250261,53.0067971163749
"66","201906",18,"ca",0.485391499999993,0.373092723004695,64.8679156908665
"67","201907",19,"ca",0.495365419354838,0.349290266512167,74.4011587485516
"68","201908",20,"ca",0.494479112903226,0.325164868105516,70.5563025210084
"69","201909",21,"ca",0.490120016666665,0.367509079903148,64.5176755447942
"70","201910",22,"ca",0.486812387096776,0.426655251141553,52.0283125707814
"71","201911",23,"ca",0.489493333333333,0.518008474576271,34.143352601156
"72","201912",24,"ca",0.504282919354837,0.560647092360319,30.4604255319148
"73","201801",1,"be",0.483976096774194,0.478664463452566,42.6754032258063
"74","201802",2,"be",0.48145048214286,0.416936229205176,33.0159344750558
"75","201803",3,"be",0.488537112903225,0.442001565762004,41.4333557498318
"76","201804",4,"be",0.496988566666664,0.41966995447648,54.9021542738014
"77","201805",5,"be",0.501524741935478,0.343947784810127,60.9821862348177
"78","201806",6,"be",0.484395233333334,0.438327316486161,63.7207783182766
"79","201807",7,"be",0.47896301612903,0.303691275167785,70.369758064516
"80","201808",8,"be",0.47785830645161,0.391984605087015,66.2291105121295
"81","201809",9,"be",0.470583416666665,0.341701680672269,59.3544885177453
"82","201810",10,"be",0.458720967741939,0.420461683417085,54.0290909090909
"83","201811",11,"be",0.4535844,0.45530868385346,44.7108467459761
"84","201812",12,"be",0.480711854838715,0.460749330954505,42.7915151515151
"85","201901",13,"be",0.465183951612904,0.469328193832599,37.7087103308574
"86","201902",14,"be",0.459183428571432,0.438577586206897,44.0766816143498
"87","201903",15,"be",0.468061370967744,0.425288739172281,47.0806212018906
"88","201904",16,"be",0.458966983333341,0.381022483940043,50.8024999999999
"89","201905",17,"be",0.471244403225808,0.385502958579882,52.8865410497982
"90","201906",18,"be",0.480288033333333,0.333163680781759,64.4025034770515
"91","201907",19,"be",0.49779735483871,0.378641732283465,66.3512096774193
"92","201908",20,"be",0.504275951612909,0.314814814814815,66.363416274378
"93","201909",21,"be",0.496403116666663,0.369501239157373,59.2469359331474
"94","201910",22,"be",0.48857041935484,0.359375,53.6568548387096
"95","201911",23,"be",0.486352483333334,0.401544943820225,43.8219596942322
"96","201912",24,"be",0.506863661290323,0.411519320843091,42.9662499999999
"97","201801",1,"se",0.464352951612898,0.766321656050955,29.9473684210528
"98","201802",2,"se",0.472663535714281,0.571569595261599,23.6881559220389
"99","201803",3,"se",0.483895177419346,0.673328488372093,26.3511800404586
"100","201804",4,"se",0.491705249999997,0.621628630705394,42.753685674548
"101","201805",5,"se",0.500290112903227,0.56298828125,58.8242424242425
"102","201806",6,"se",0.511675229204871,0.528780068728522,60.3898257839722
"103","201807",7,"se",0.505620500000003,0.465425531914894,70.0802979011511
"104","201808",8,"se",0.493580838709677,0.433341254752852,64.1622406639002
"105","201809",9,"se",0.478835466666665,0.508258928571429,55.1795407098123
"106","201810",10,"se",0.46460629032258,0.633768913342503,45.4043068640646
"107","201811",11,"se",0.464490066666663,0.791587677725119,38.2635474860335
"108","201812",12,"se",0.468203870967743,0.705989110707804,31.8254545454544
"109","201901",13,"se",0.443608225806448,0.688522196261682,26.1521183591122
"110","201902",14,"se",0.449899124999999,0.759304511278196,33.7678092399403
"111","201903",15,"se",0.452441532258061,0.69344850065189,34.9886792452831
"112","201904",16,"se",0.465337483333335,0.687749003984064,43.5374999999999
"113","201905",17,"se",0.47230403225806,0.487637362637363,49.9721774193548
"114","201906",18,"se",0.48934576666666,0.505720338983051,62.4597077244258
"115","201907",19,"se",0.501169790322585,0.467657342657343,59.9429724277067
"116","201908",20,"se",0.497908451612899,0.462159863945578,61.1492537313431
"117","201909",21,"se",0.488019766666654,0.513452914798206,52.1788811188812
"118","201910",22,"se",0.488971354838699,0.590995440729483,42.2125168236879
"119","201911",23,"se",0.497209983333322,0.768624314442413,36.3508356545961
"120","201912",24,"se",0.482710274193543,0.714796157450797,34.5825000000001
"121","201801",1,"is",0.467898040496404,0.281760533104041,31.8342741935484
"122","201802",2,"is",0.474731010101011,0.303712480252765,33.8656738644823
"123","201803",3,"is",0.479503526448363,0.260634505703422,35.5927076299795
"124","201804",4,"is",0.481536423642365,0.304817905918058,39.9560500695409
"125","201805",5,"is",0.483204643962848,0.286159494535519,41.7301544660846
"126","201806",6,"is",0.472134501642937,0.379209370424597,46.5826268241834
"127","201807",7,"is",0.473791135024345,0.332200587803086,49.7070611970411
"128","201808",8,"is",0.483385020437611,0.312738914373089,49.8350404312667
"129","201809",9,"is",0.467578707940787,0.251408313908314,44.6200138985408
"130","201810",10,"is",0.461133817126272,0.267363669859985,39.206056527591
"131","201811",11,"is",0.483911853921377,0.315723793677205,39.0379623168182
"132","201812",12,"is",0.523747206653418,0.32117927994122,37.300806451613
"133","201901",13,"is",0.473810348387094,0.363834106728538,33.9014765100672
"134","201902",14,"is",0.461705305709952,0.302429149797571,34.0278481012658
"135","201903",15,"is",0.47320796057619,0.280494933749026,33.9504076086957
"136","201904",16,"is",0.471503964059191,0.364105935386927,42.7775000000001
"137","201905",17,"is",0.493078083725095,0.328151618398637,44.8017555705605
"138","201906",18,"is",0.492438299454628,0.354535974973931,49.37369519833
"139","201907",19,"is",0.487952683677956,0.315427280197206,54.3629380053906
"140","201908",20,"is",0.499812713472485,0.278067612687813,50.5612903225807
"141","201909",21,"is",0.494541313340222,0.392791222313372,48.5008426966295
"142","201910",22,"is",0.499579118720173,0.404549147034931,42.0955465587045
"143","201911",23,"is",0.520854470069967,0.374343361986628,36.9987500000001
"144","201912",24,"is",0.529088972065001,0.375345303867403,33.3900000000001
"145","201801",1,"ch",0.483020999999997,0.295521653543307,41.0210020590255
"146","201802",2,"ch",0.487228357142855,0.343669527896996,30.2355893536122
"147","201803",3,"ch",0.48971466129032,0.286184210526316,39.1616758241758
"148","201804",4,"ch",0.485156249999994,0.234434410646388,55.4523775727467
"149","201805",5,"ch",0.483529322580642,0.271071428571429,60.5973919011668
"150","201806",6,"ch",0.486879383333332,0.234243697478992,66.1158640226629
"151","201807",7,"ch",0.49280674193548,0.206597222222222,70.5880412371135
"152","201808",8,"ch",0.494374145161284,0.224190848214286,70.2743994509266
"153","201809",9,"ch",0.491994683333326,0.25175702811245,61.3617021276595
"154","201810",10,"ch",0.477983387096769,0.320018796992481,50.9784488675359
"155","201811",11,"ch",0.470778249999991,0.395656779661017,41.5533523537804
"156","201812",12,"ch",0.497887306451613,0.311172161172161,38.7947838023336
"157","201901",13,"ch",0.46493022580645,0.274616626311542,32.5451923076924
"158","201902",14,"ch",0.477334267857145,0.265478424015009,37.9872243346007
"159","201903",15,"ch",0.496165677419355,0.218561973525872,44.7114167812931
"160","201904",16,"ch",0.491249633333336,0.252099664053751,48.8990786676116
"161","201905",17,"ch",0.497011258064517,0.223327688399661,51.9531914893618
"162","201906",18,"ch",0.501665666666668,0.216379915730337,67.3254790631653
"163","201907",19,"ch",0.508117887096774,0.227208646616541,69.4575549450551
"164","201908",20,"ch",0.4982229032258,0.217567155067155,66.5987654320988
"165","201909",21,"ch",0.498188049999992,0.229627921279213,59.2547652916072
"166","201910",22,"ch",0.499114516129027,0.239248704663212,52.7426218256695
"167","201911",23,"ch",0.502775699999995,0.313544415127529,41.8252661462029
"168","201912",24,"ch",0.521260129032258,0.304475164011246,38.0093683463449
"169","201801",1,"it",0.48235208064517,0.312085406301824,51.5252374491179
"170","201802",2,"it",0.464779660714285,0.335424411400248,45.7307346326837
"171","201803",3,"it",0.466696064516128,0.348764612114771,52.1811193526636
"172","201804",4,"it",0.471379416666669,0.306741573033708,60.9675297410776
"173","201805",5,"it",0.472743741935494,0.291973039215686,65.8114754098361
"174","201806",6,"it",0.489784583333349,0.265918580375783,72.6711578947369
"175","201807",7,"it",0.502159822580651,0.265835201793722,78.102868852459
"176","201808",8,"it",0.503690419354846,0.251886317907445,77.6793150684932
"177","201809",9,"it",0.50061993333334,0.271619496855346,71.6576200417536
"178","201810",10,"it",0.48387567741936,0.291566985645933,66.1619372442021
"179","201811",11,"it",0.466928233333344,0.322046109510086,56.9273492286116
"180","201812",12,"it",0.492261629032268,0.326445439739414,49.8066216216216
"181","201901",13,"it",0.482280774193555,0.328751728907331,44.4113590263693
"182","201902",14,"it",0.469288053571437,0.383245382585752,49.4957831325302
"183","201903",15,"it",0.484515387096782,0.3625,53.5756756756758
"184","201904",16,"it",0.477347216666677,0.306898066783831,56.3119330076761
"185","201905",17,"it",0.481950838709688,0.316671545667447,59.3942857142857
"186","201906",18,"it",0.515962866666676,0.25828729281768,74.2968597348222
"187","201907",19,"it",0.534601806451623,0.281640625,78.1508795669824
"188","201908",20,"it",0.524661758064526,0.254741379310345,77.7964817320702
"189","201909",21,"it",0.504369633333337,0.275045955882353,72.0714285714285
"190","201910",22,"it",0.488949338709673,0.289538310412574,64.9390309555854
"191","201911",23,"it",0.48883404999999,0.312268518518519,58.7856545961002
"192","201912",24,"it",0.500304661290319,0.318227491961415,52.0231197771589
"193","201801",1,"gb",0.50317122580645,0.656186868686869,44.0169354838709
"194","201802",2,"gb",0.485061482142859,0.566113666228647,38.3830357142856
"195","201803",3,"gb",0.493347193548387,0.606567604355717,42.9016812373907
"196","201804",4,"gb",0.497397516666669,0.647326507394767,52.33375
"197","201805",5,"gb",0.500425983870968,0.60475161987041,58.9612903225807
"198","201806",6,"gb",0.49386228333333,0.660488958990536,64.40625
"199","201807",7,"gb",0.484640032258058,0.498073630136986,71.2637096774193
"200","201808",8,"gb",0.496920306451608,0.630614874815906,65.7657258064516
"201","201809",9,"gb",0.491945450000002,0.503405096660808,59.5325000000002
"202","201810",10,"gb",0.483934612903231,0.647119341563786,53.5334677419355
"203","201811",11,"gb",0.468315250000007,0.572524301336574,47.9435754189945
"204","201812",12,"gb",0.504688903225814,0.652331995987964,46.315322580645
"205","201901",13,"gb",0.462600612903228,0.715048025613661,40.9358439811702
"206","201902",14,"gb",0.460349160714292,0.59423828125,45.6494415487713
"207","201903",15,"gb",0.474844145161294,0.635438413361169,48.8356515867658
"208","201904",16,"gb",0.478771866666675,0.594621080139373,50.4475
"209","201905",17,"gb",0.490427080645165,0.505217584369449,55.5548387096774
"210","201906",18,"gb",0.506188000000001,0.528425655976676,61.5187499999998
"211","201907",19,"gb",0.516028806451615,0.512434554973822,67.9842741935485
"212","201908",20,"gb",0.520968354838719,0.43343690248566,66.2859448554136
"213","201909",21,"gb",0.514117533333338,0.518158105939005,60.7811846689898
"214","201910",22,"gb",0.513055951612904,0.512646866840731,53.1127272727274
"215","201911",23,"gb",0.513436799999999,0.542741935483871,45.3012500000001
"216","201912",24,"gb",0.518729306451608,0.56908275462963,44.7562499999998
"217","201801",1,"de",0.494163790322576,0.341332630098453,42.5822580645161
"218","201802",2,"de",0.491142482142856,0.303814713896458,31.9236038719284
"219","201803",3,"de",0.486454435483869,0.282689539347409,40.6285906945382
"220","201804",4,"de",0.472376466666663,0.226332720588235,57.71
"221","201805",5,"de",0.482904306451613,0.248009554140127,64.8415322580644
"222","201806",6,"de",0.489792266666666,0.24828431372549,69.0312500000001
"223","201807",7,"de",0.487882548387095,0.227233178654292,73.8427419354839
"224","201808",8,"de",0.482932693548385,0.244780793319415,71.596370967742
"225","201809",9,"de",0.483290750000001,0.250492125984252,61.8970711297072
"226","201810",10,"de",0.473768580645161,0.333896396396396,54.1866935483876
"227","201811",11,"de",0.480387366666666,0.437065541211519,44.7055865921788
"228","201812",12,"de",0.510222693548395,0.343860894251242,40.560887096774
"229","201901",13,"de",0.483253225806457,0.290690866510539,35.8457296570275
"230","201902",14,"de",0.476071875000007,0.311670812603648,40.2145941921072
"231","201903",15,"de",0.500271500000006,0.259275398406374,47.0557575757575
"232","201904",16,"de",0.511656333333336,0.247785829307568,53.1525
"233","201905",17,"de",0.512104194224879,0.235675512665862,54.9524193548386
"234","201906",18,"de",0.504488033333341,0.226967370441459,70.6368311327311
"235","201907",19,"de",0.516991854838717,0.253833049403748,70.9129032258062
"236","201908",20,"de",0.518313016129031,0.232071314102564,69.370275722932
"237","201909",21,"de",0.505109866666656,0.250262237762238,59.9175732217574
"238","201910",22,"de",0.503769677419341,0.261077425373134,53.3423387096773
"239","201911",23,"de",0.511877383333325,0.289521276595745,43.0212500000001
"240","201912",24,"de",0.525081741935482,0.290070320077595,40.3850000000001
"241","201801",1,"fr",0.505933677419345,0.472679363905325,45.3647294589176
"242","201802",2,"fr",0.493301928571421,0.450070323488045,34.5630289532294
"243","201803",3,"fr",0.510760161290316,0.492765654648956,44.3339130434784
"244","201804",4,"fr",0.517536516666663,0.406447784810127,56.7637119113574
"245","201805",5,"fr",0.518292129032262,0.359421921921922,61.0256032171583
"246","201806",6,"fr",0.511785583333342,0.415218078381795,66.04
"247","201807",7,"fr",0.52323491935484,0.30828125,73.6812877263582
"248","201808",8,"fr",0.514859161290315,0.362354892205638,69.7540939597314
"249","201809",9,"fr",0.506915483333325,0.410181236673774,62.5177854671282
"250","201810",10,"fr",0.496026999999999,0.458112874779541,56.5742799732083
"251","201811",11,"fr",0.502408383333335,0.464171511627907,46.3002770083102
"252","201812",12,"fr",0.511515064516128,0.501240293356342,44.3474949899799
"253","201901",13,"fr",0.504174758064519,0.587489779231398,38.9856856187292
"254","201902",14,"fr",0.499691410714293,0.461833602584814,45.2637918215613
"255","201903",15,"fr",0.504612854838714,0.447233606557377,49.1327052489906
"256","201904",16,"fr",0.496610950000011,0.399819494584838,52.5586159169552
"257","201905",17,"fr",0.507144193548396,0.375838926174497,55.7689216342934
"258","201906",18,"fr",0.520759950000009,0.316841680129241,67.1868147120056
"259","201907",19,"fr",0.532644161290332,0.336014851485149,70.8480859637342
"260","201908",20,"fr",0.534282580645169,0.350026150627615,69.3781061114841
"261","201909",21,"fr",0.530629566666676,0.419951201201201,62.1747735191637
"262","201910",22,"fr",0.521797483870976,0.449647716229349,55.5749329758711
"263","201911",23,"fr",0.510716050000004,0.467436974789916,46.1478260869567
"264","201912",24,"fr",0.520562354838714,0.497833843017329,44.302900552486
"265","201801",1,"fi",0.494631258064514,0.551049270072993,28.2304172274562
"266","201802",2,"fi",0.492277124999997,0.480134635691658,16.245305514158
"267","201803",3,"fi",0.499619403225802,0.518314717477004,23.0849629130141
"268","201804",4,"fi",0.513242833333332,0.488921957671958,40.7986101459347
"269","201805",5,"fi",0.53663174193548,0.416666666666667,58.1653225806452
"270","201806",6,"fi",0.559100233333329,0.311669829222011,59.8862500000001
"271","201807",7,"fi",0.566772564516129,0.320060483870968,69.4576612903226
"272","201808",8,"fi",0.526161209677415,0.296127204030227,64.3044354838711
"273","201809",9,"fi",0.500476549999999,0.335245901639344,55.6624999999999
"274","201810",10,"fi",0.487226500000003,0.415618712273642,43.9818548387097
"275","201811",11,"fi",0.472757666666669,0.574445564516129,37.1605042016807
"276","201812",12,"fi",0.477231080645164,0.578592268417214,28.7024193548387
"277","201901",13,"fi",0.466770741935484,0.544722719141324,20.7436449226631
"278","201902",14,"fi",0.467342589285717,0.571954387990762,31.5714285714284
"279","201903",15,"fi",0.468075483870966,0.5115234375,31.5924528301886
"280","201904",16,"fi",0.486516533333335,0.398026315789474,43.098121085595
"281","201905",17,"fi",0.506435548387098,0.406125498007968,50.5788331071913
"282","201906",18,"fi",0.536253033333338,0.336138613861386,63.6360975609755
"283","201907",19,"fi",0.539148177419354,0.304405120481928,62.2286290322581
"284","201908",20,"fi",0.525460612903227,0.29609872611465,61.3879032258065
"285","201909",21,"fi",0.512907383333329,0.336035818005808,51.6341939986043
"286","201910",22,"fi",0.508867725806445,0.442069575471698,40.9697173620459
"287","201911",23,"fi",0.510214033333329,0.651419726729291,35.06212647672
"288","201912",24,"fi",0.490596193548385,0.574346723868955,34.5330090340514
"289","201801",1,"nl",0.539298919354841,0.286308623298033,42.0974427994617
"290","201802",2,"nl",0.540911964285718,0.247457924263675,34.0159463487332
"291","201803",3,"nl",0.533768967741936,0.323735265225933,40.4933333333334
"292","201804",4,"nl",0.533417349999996,0.244542974079127,53.5124391938847
"293","201805",5,"nl",0.539502193548389,0.280854430379747,61.5825033647375
"294","201806",6,"nl",0.545811200000004,0.29101752677702,62.9852675469076
"295","201807",7,"nl",0.549431532258064,0.222808441558442,69.1697580645161
"296","201808",8,"nl",0.535068241935485,0.240682048681542,65.7158036314726
"297","201809",9,"nl",0.519866033333336,0.228005675954592,59.4478109798471
"298","201810",10,"nl",0.516809274193553,0.280092592592593,54.5266129032259
"299","201811",11,"nl",0.515184100000006,0.344011350059737,44.6238826815641
"300","201812",12,"nl",0.536941887096788,0.308928571428571,43.9286290322579
"301","201901",13,"nl",0.510677548387109,0.297245260663507,38.9977119784656
"302","201902",14,"nl",0.507594160714292,0.283634868421053,43.4634400595681
"303","201903",15,"nl",0.513242274193555,0.266848722176422,46.3514824797844
"304","201904",16,"nl",0.520656683333341,0.243761343012704,51.8951321279556
"305","201905",17,"nl",0.535085612903228,0.273902266288952,53.0831203765972
"306","201906",18,"nl",0.548412900000001,0.264527458492976,64.2062500000001
"307","201907",19,"nl",0.545805564516129,0.242341640706127,65.6698049764626
"308","201908",20,"nl",0.545370854838707,0.215705128205128,65.9407806191117
"309","201909",21,"nl",0.536849200000002,0.218049568965517,59.4214634146343
"310","201910",22,"nl",0.534515806451612,0.232624481327801,53.0133064516129
"311","201911",23,"nl",0.525976586206894,0.269479755178908,43.9962500000001
"312","201912",24,"nl",0.529303758064512,0.270491803278689,43.0814454482279
"313","201801",1,"es",0.560570209677423,0.366303516819572,42.6848767488342
"314","201802",2,"es",0.538236250000005,0.344486823855756,41.7852616064849
"315","201803",3,"es",0.539900016129034,0.329515706806283,47.9353642384106
"316","201804",4,"es",0.546877016666668,0.319545454545455,55.3147632311978
"317","201805",5,"es",0.568488806451622,0.27450495049505,61.9694039735098
"318","201806",6,"es",0.569152016666673,0.293349582172702,71.965450791466
"319","201807",7,"es",0.572042758064511,0.249821937321937,79.2587760591795
"320","201808",8,"es",0.569589580645158,0.219468390804598,81.6969127516778
"321","201809",9,"es",0.571068399999998,0.278188344594595,74.957596685083
"322","201810",10,"es",0.572819532258069,0.332731648616125,59.1961461794019
"323","201811",11,"es",0.558274900000005,0.372332317073171,49.9092024539878
"324","201812",12,"es",0.56617941935484,0.466990894039735,42.6357235984356
"325","201901",13,"es",0.562344403225807,0.33786231884058,40.4217741935483
"326","201902",14,"es",0.569721785714288,0.304080310880829,45.0905435591959
"327","201903",15,"es",0.577680306451618,0.332435344827586,52.5391773432231
"328","201904",16,"es",0.579747866666673,0.314854887983707,54.062962962963
"329","201905",17,"es",0.593985274193557,0.325147058823529,65.4308209959623
"330","201906",18,"es",0.602050000000003,0.277020676691729,75.1147632311978
"331","201907",19,"es",0.623071935483871,0.219883419689119,82.7293565683646
"332","201908",20,"es",0.623370967741938,0.281905594405594,79.143658210948
"333","201909",21,"es",0.623446900000005,0.285934744268078,69.6394190871369
"334","201910",22,"es",0.625575338709686,0.372916666666667,60.4503683858004
"335","201911",23,"es",0.620082000000006,0.339954780361757,50.300616016427
"336","201912",24,"es",0.618127935483872,0.39122191011236,46.226549865229
"337","201801",1,"mx",0.580950048387103,0.236169652265543,55.2596417281349
"338","201802",2,"mx",0.58473557142858,0.299789410348977,62.5031100478469
"339","201803",3,"mx",0.594528258064515,0.21468253968254,66.5847619047619
"340","201804",4,"mx",0.589716249999999,0.339059196617336,66.6985200845667
"341","201805",5,"mx",0.597992161290321,0.341473072861668,67.8612460401268
"342","201806",6,"mx",0.603323549999998,0.455940315315315,65.7743243243244
"343","201807",7,"mx",0.590991048387096,0.462071428571429,65.4347428571429
"344","201808",8,"mx",0.604183919354835,0.509937238493724,63.7115987460815
"345","201809",9,"mx",0.605552833333333,0.50647271714922,64.5725752508361
"346","201810",10,"mx",0.609855806451612,0.471438547486034,63.6328523862373
"347","201811",11,"mx",0.601625616666669,0.3125,60.5102958579881
"348","201812",12,"mx",0.614432741935484,0.274658469945355,58.4990291262136
"349","201901",13,"mx",0.604854516129037,0.265468227424749,59.3106194690265
"350","201902",14,"mx",0.596457500000014,0.1562876960193,64.5454764776839
"351","201903",15,"mx",0.614150225806463,0.184574468085106,66.6155319148936
"352","201904",16,"mx",0.615588433333345,0.311934389140271,68.5843891402715
"353","201905",17,"mx",0.628286451612914,0.347012917115178,71.2144241119485
"354","201906",18,"mx",0.627102666666677,0.501492942453854,66.6651465798045
"355","201907",19,"mx",0.642522258064525,0.494517543859649,64.1436532507739
"356","201908",20,"mx",0.651503709677424,0.442521141649049,66.3674418604651
"357","201909",21,"mx",0.645748616666674,0.499647688838782,65.0696730552424
"358","201910",22,"mx",0.640451129032269,0.507959290187891,64.5578288100209
"359","201911",23,"mx",0.649180833333343,0.342375578703704,63.0867663981587
"360","201912",24,"mx",0.647636838709681,0.197680995475113,59.6821266968326
"361","201801",1,"pt",0.486437370967739,0.305908203125,52.6322580645161
"362","201802",2,"pt",0.492101982142854,0.275946704067321,51.4416228399699
"363","201803",3,"pt",0.492193467741935,0.275957290132548,53.7832771409305
"364","201804",4,"pt",0.486191416666665,0.255129348795718,56.9350000000001
"365","201805",5,"pt",0.487437290322579,0.257000448028674,61.6388702084733
"366","201806",6,"pt",0.487086949999996,0.268895348837209,66.5339819318971
"367","201807",7,"pt",0.488304145161283,0.307608315863033,68.7294354838705
"368","201808",8,"pt",0.476174741935477,0.297387295081967,75.5302419354836
"369","201809",9,"pt",0.469280483333332,0.273245073891626,73.4312717164696
"370","201810",10,"pt",0.460099887096778,0.234955185659411,64.9167582417583
"371","201811",11,"pt",0.447428616666671,0.267953228476821,56.474720670391
"372","201812",12,"pt",0.471459854838714,0.293599397590361,53.5419354838707
"373","201901",13,"pt",0.454292596774195,0.251358695652174,50.9671822461332
"374","201902",14,"pt",0.454642214285721,0.263070342205323,53.7245535714287
"375","201903",15,"pt",0.46191806451613,0.234972133757962,57.9610249494269
"376","201904",16,"pt",0.464592866666669,0.233831400535236,57.5166898470097
"377","201905",17,"pt",0.476761629032258,0.309180699481865,66.816935483871
"378","201906",18,"pt",0.490793616666664,0.254197332106716,65.2675
"379","201907",19,"pt",0.502858645161293,0.314314688300598,69.7951580363145
"380","201908",20,"pt",0.503631903225808,0.261640211640212,71.2504032258061
"381","201909",21,"pt",0.490176716666661,0.238882660687593,71.1634843205576
"382","201910",22,"pt",0.473686564516125,0.267375,64.3141129032257
"383","201911",23,"pt",0.481855866666662,0.277726261127596,58.2387500000004
"384","201912",24,"pt",0.493662854838701,0.300631935881628,55.4087500000001
"385","201801",1,"at",0.484430274193547,0.247238503155996,38.6117014122395
"386","201802",2,"at",0.485877142857141,0.286560822898032,29.7282204020849
"387","201803",3,"at",0.492535661290316,0.289098972922502,37.6832548755885
"388","201804",4,"at",0.473758816666666,0.226363109048724,59.6441973592772
"389","201805",5,"at",0.472137177419354,0.219184576485461,64.7991935483872
"390","201806",6,"at",0.483253933333333,0.220911488862837,69.0424999999999
"391","201807",7,"at",0.486918758064513,0.207764116575592,71.7524193548386
"392","201808",8,"at",0.478324612903222,0.209037162162162,73.8321452589105
"393","201809",9,"at",0.475885716666664,0.234638047138047,63.1316191799863
"394","201810",10,"at",0.46460743548387,0.227812995245642,55.8258064516126
"395","201811",11,"at",0.47603015,0.283681906614786,42.979748603352
"396","201812",12,"at",0.510558951612911,0.273443542150039,36.4303967720243
"397","201901",13,"at",0.468486677419361,0.275054347826087,33.014699932569
"398","201902",14,"at",0.472363642857151,0.273311306901615,40.1341772151899
"399","201903",15,"at",0.493294387096779,0.22640306122449,47.4336032388664
"400","201904",16,"at",0.507237616666671,0.277126736111111,53.0170952050036
"401","201905",17,"at",0.517756331666403,0.229965585054081,54.959677419355
"402","201906",18,"at",0.515081716666672,0.220494923857868,73.6562499999999
"403","201907",19,"at",0.522666048387102,0.207460732984293,72.016129032258
"404","201908",20,"at",0.518704564516125,0.222488921713442,72.6761264290516
"405","201909",21,"at",0.504215933333321,0.239319620253165,62.248780487805
"406","201910",22,"at",0.504771661290308,0.283207656612529,53.3205645161291
"407","201911",23,"at",0.508976316666659,0.241429207479964,46.2137500000001
"408","201912",24,"at",0.526709677419351,0.261858974358974,37.8090340514247
"409","201801",1,"jp",0.50236837096774,0.194288866259335,42.7143386897405
"410","201802",2,"jp",0.488601660714285,0.204482071713147,43.2484210526317
"411","201803",3,"jp",0.499485338709678,0.198269375470278,53.8267546490704
"412","201804",4,"jp",0.514616700000004,0.195687772925764,63.2756822316555
"413","201805",5,"jp",0.514296419354842,0.194268110530246,67.96457960644
"414","201806",6,"jp",0.515654766666671,0.192496876951905,72.8692165330047
"415","201807",7,"jp",0.520682919354839,0.188006546134663,82.7661764705884
"416","201808",8,"jp",0.519534129032256,0.192518248175182,82.9372972972973
"417","201809",9,"jp",0.518493499999998,0.193468468468468,74.6403811792732
"418","201810",10,"jp",0.51771464516129,0.195291777188329,67.8200000000001
"419","201811",11,"jp",0.511507266666665,0.204818244170096,59.2994035785288
"420","201812",12,"jp",0.515985306451611,0.207117706237425,49.1100123609394
"421","201901",13,"jp",0.512583870967739,0.196174531575295,44.4030902348578
"422","201902",14,"jp",0.514126071428569,0.217730496453901,46.3497674418603
"423","201903",15,"jp",0.52875093548387,0.206483644859813,51.9963235294116
"424","201904",16,"jp",0.531845966666663,0.200146092037984,57.1977070063694
"425","201905",17,"jp",0.541709612903221,0.193968797564688,68.314606741573
"426","201906",18,"jp",0.542601585182709,0.189292394014963,71.4551980198024
"427","201907",19,"jp",0.556542326332792,0.195757486788021,75.3940246045695
"428","201908",20,"jp",0.572770967741929,0.195496083550914,83.5913262099305
"429","201909",21,"jp",0.577712383333321,0.195861204013378,77.7586970684039
"430","201910",22,"jp",0.5778924032258,0.206282760629004,68.3471871412172
"431","201911",23,"jp",0.580247916666661,0.209405940594059,57.8030283911673
"432","201912",24,"jp",0.574408838709668,0.202472144846797,50.0483934426229
"433","201801",1,"ie",0.482810338709676,0.26837482946794,41.8195023537325
"434","201802",2,"ie",0.470207482142855,0.242692907248636,38.3698507462686
"435","201803",3,"ie",0.476455596774192,0.276854108635098,40.1339622641509
"436","201804",4,"ie",0.481473866666668,0.270576504713561,46.8577962577961
"437","201805",5,"ie",0.482380451612907,0.215194610778443,53.6205507051712
"438","201806",6,"ie",0.482433883333332,0.231436837029894,59.2478442280947
"439","201807",7,"ie",0.466810225806443,0.23727696674777,61.9047106325704
"440","201808",8,"ie",0.48057691935483,0.24370287868403,59.9507382550337
"441","201809",9,"ie",0.4669186,0.242069892473118,54.3425
"442","201810",10,"ie",0.456789580645164,0.245535714285714,49.3289367429341
"443","201811",11,"ie",0.449870000000002,0.267208149779736,47.4704402515725
"444","201812",12,"ie",0.489689500000001,0.269888316151203,46.2258064516128
"445","201901",13,"ie",0.446582209677419,0.288666328600406,41.8873069173943
"446","201902",14,"ie",0.452797696428573,0.279612756264237,45.4839285714286
"447","201903",15,"ie",0.461147112903227,0.267181978798587,45.0989858012171
"448","201904",16,"ie",0.458969566666671,0.261138613861386,47.0807772380292
"449","201905",17,"ie",0.468111435483869,0.23816510172144,51.0125000000001
"450","201906",18,"ie",0.479804283333326,0.242481884057971,54.7546463245492
"451","201907",19,"ie",0.497394854838705,0.243036568694463,60.9658372562202
"452","201908",20,"ie",0.49703883870968,0.22258008356546,59.8063129617193
"453","201909",21,"ie",0.488247933333332,0.253171350507416,55.8249303621171
"454","201910",22,"ie",0.482506709677419,0.231016560958421,48.7540322580644
"455","201911",23,"ie",0.49302628333333,0.243528492008339,43.4579569145239
"456","201912",24,"ie",0.512404548387093,0.23389175257732,43.1370319001388
"457","201801",1,"cz",NA,0.469197341513292,37.1300509337863
"458","201802",2,"cz",NA,0.491138059701493,27.4498641304349
"459","201803",3,"cz",NA,0.53672406462585,34.4946992257298
"460","201804",4,"cz",NA,0.368036211699164,55.792199058507
"461","201805",5,"cz",NA,0.339642857142857,61.9739130434783
"462","201806",6,"cz",NA,0.381329113924051,64.2828334396939
"463","201807",7,"cz",NA,0.278601694915254,69.7323308270677
"464","201808",8,"cz",NA,0.277286585365854,71.2708829054474
"465","201809",9,"cz",NA,0.40495027124774,60.4063572790846
"466","201810",10,"cz",0.458640382941688,0.481120689655172,50.6834340991534
"467","201811",11,"cz",0.450643416666667,0.575717866909754,39.3297674418605
"468","201812",12,"cz",0.482589419354841,0.494933477722772,36.6138161559888
"469","201901",13,"cz",0.450504338709683,0.437380420918367,31.1579725448785
"470","201902",14,"cz",0.453636946428576,0.45731100795756,36.2619203135206
"471","201903",15,"cz",0.459168677419356,0.404722744360902,43.6756183745584
"472","201904",16,"cz",0.46099948333334,0.465062862669246,49.6663122923587
"473","201905",17,"cz",0.45275782258065,0.383516630901288,51.8291017964071
"474","201906",18,"cz",0.459363700000005,0.280785891089109,70.5565387117762
"475","201907",19,"cz",0.476613596774199,0.321204061895551,67.9723247232471
"476","201908",20,"cz",0.476818403225809,0.279471544715447,67.2974545454545
"477","201909",21,"cz",0.458059466666665,0.331168831168831,57.6528883183567
"478","201910",22,"cz",0.457034806451614,0.366345137420719,49.4991482112435
"479","201911",23,"cz",0.454994966666664,0.516324981017464,41.4389719067542
"480","201912",24,"cz",0.475969919354839,0.488087871287129,36.0401836969001
"481","201801",1,"sk",0.475211058451817,0.445878799688231,37.8343651295009
"482","201802",2,"sk",0.468760765124559,0.379398634453782,31.0574545454545
"483","201803",3,"sk",0.457688634600471,0.42333587398374,38.2578217821783
"484","201804",4,"sk",0.459703975860846,0.294667119565217,59.685254691689
"485","201805",5,"sk",0.453740675720438,0.251521535580524,65.8792899408284
"486","201806",6,"sk",0.455365556676757,0.252596153846154,69.9952830188679
"487","201807",7,"sk",0.465828436706569,0.228382352941176,72.6237133550488
"488","201808",8,"sk",0.448946353790616,0.214340490797546,74.348361730013
"489","201809",9,"sk",0.443566163349346,0.232438016528926,63.6571813890765
"490","201810",10,"sk",0.439086182606343,0.32061170212766,55.5267105263155
"491","201811",11,"sk",0.439036949069542,0.439722222222222,43.9512195121953
"492","201812",12,"sk",0.489991176995897,0.470359848484848,35.8531432274789
"493","201901",13,"sk",0.458334823923982,0.387262658227848,32.2036455059709
"494","201902",14,"sk",0.454575262844671,0.367319508448541,39.751674982181
"495","201903",15,"sk",0.455471625448366,0.302542372881356,47.8874112330536
"496","201904",16,"sk",0.445991450777197,0.274726640159046,54.1664420485174
"497","201905",17,"sk",0.443758853288359,0.28641780155642,55.5025242718447
"498","201906",18,"sk",0.470034631960011,0.282882462686567,73.9151597552684
"499","201907",19,"sk",0.476282896973818,0.253489847715736,72.4714193130265
"500","201908",20,"sk",0.476758497953374,0.241090425531915,73.1510763209393
"501","201909",21,"sk",0.468045233707488,0.275704592901879,62.4615384615383
"502","201910",22,"sk",0.455774399096625,0.35651289009498,53.4274131274131
"503","201911",23,"sk",0.450244799999994,0.366253051261188,46.6344129554656
"504","201912",24,"sk",0.479249580645156,0.41825117370892,38.1094188376753
"505","201801",1,"hu",0.492335175045629,0.570921052631579,36.6104468219005
"506","201802",2,"hu",0.502912064005757,0.567722222222222,31.9873239436619
"507","201803",3,"hu",0.499017947470817,0.531722054380665,38.2538461538461
"508","201804",4,"hu",0.50042278928752,0.359424920127796,60.7624495289368
"509","201805",5,"hu",0.493464693548384,0.2918410041841,66.9218750000001
"510","201806",6,"hu",0.491987266666666,0.291452205882353,69.6538011695905
"511","201807",7,"hu",0.491706693548378,0.26129363449692,72.0237331622832
"512","201808",8,"hu",0.491726241935473,0.268768768768769,74.1410374261329
"513","201809",9,"hu",0.475776699999998,0.303076923076923,63.2132796780684
"514","201810",10,"hu",0.46521909677419,0.467302452316076,55.3749336870026
"515","201811",11,"hu",0.456183516666665,0.683954619124797,44.2222071767096
"516","201812",12,"hu",0.498357532258065,0.558430824008138,32.7606598984771
"517","201901",13,"hu",0.467897096774193,0.546621963562753,30.1141781681305
"518","201902",14,"hu",0.456646107142864,0.52323717948718,37.8711496746204
"519","201903",15,"hu",0.472809435483873,0.372859589041096,47.0646517739816
"520","201904",16,"hu",0.474090083333339,0.431093394077449,55.1596730245231
"521","201905",17,"hu",0.481991629032258,0.473694620253165,56.9468208092487
"522","201906",18,"hu",0.497210933333332,0.299007128309572,73.4977867203218
"523","201907",19,"hu",0.501940145161292,0.269772117962466,70.9505154639174
"524","201908",20,"hu",0.501982370967746,0.250412541254125,73.3716906946264
"525","201909",21,"hu",0.501116683333332,0.397233893557423,62.2461016949154
"526","201910",22,"hu",0.494668145161287,0.38671875,54.0412223667098
"527","201911",23,"hu",0.495150883333328,0.535278745644599,47.9133836650653
"528","201912",24,"hu",0.514823758064513,0.588512569832402,37.7877692842252
"529","201801",1,"dk",0.494768725806445,0.513867781155015,37.3246455097906
"530","201802",2,"dk",0.497624857142853,0.436322975517891,31.1959731543623
"531","201803",3,"dk",0.502049209677417,0.52047589869281,32.8398379473329
"532","201804",4,"dk",0.501030549999995,0.413959510357815,47.9819718309857
"533","201805",5,"dk",0.508730693548385,0.375992063492063,59.7958023019635
"534","201806",6,"dk",0.500931633333328,0.376704545454545,64.6913805185706
"535","201807",7,"dk",0.502711693548383,0.419203367875648,70.0245423728813
"536","201808",8,"dk",0.489638725806448,0.299396442185515,66.6348178137653
"537","201809",9,"dk",0.484128816666665,0.313521003500583,59.1959269662922
"538","201810",10,"dk",0.499643000000001,0.389141266119578,51.305548037889
"539","201811",11,"dk",0.496720466666666,0.522010357815443,43.7189340813464
"540","201812",12,"dk",0.516791629032263,0.527416356877323,40.1474324324324
"541","201901",13,"dk",0.48738230645161,0.577028740490279,35.7742721733244
"542","201902",14,"dk",0.477170732142857,0.664385330578512,39.9385650224216
"543","201903",15,"dk",0.485719048387098,0.540194153577661,42.0894418291864
"544","201904",16,"dk",0.492164183333334,0.562125,47.3572614107884
"545","201905",17,"dk",0.497577854838709,0.57671522556391,52.1547445255474
"546","201906",18,"dk",0.514035500000003,0.492775974025974,64.6130919220057
"547","201907",19,"dk",0.522163274193558,0.487673240938166,64.6018691588785
"548","201908",20,"dk",0.518683322580653,0.474378453038674,65.9325301204819
"549","201909",21,"dk",0.508060750000004,0.534326424870466,57.8532963219982
"550","201910",22,"dk",0.505043048387102,0.578763552960801,50.7332441471573
"551","201911",23,"dk",0.513500833333335,0.631207028265852,44.4843123704213
"552","201912",24,"dk",0.51464148387097,0.657766507557677,41.0237170596395
"553","201801",1,"gr",0.457342945230323,0.271992554858934,50.1359406608227
"554","201802",2,"gr",0.449181542247748,0.268518518518519,52.531630353118
"555","201803",3,"gr",0.446858442530892,0.235662090345438,57.8121703853955
"556","201804",4,"gr",0.447509654435345,0.202929338103757,62.7645498953245
"557","201805",5,"gr",0.458694432677762,0.220359572400389,70.8426163182737
"558","201806",6,"gr",0.460643622814561,0.234064785788924,76.8790762771168
"559","201807",7,"gr",0.467275233132199,0.271214896214896,81.122816519973
"560","201808",8,"gr",0.44967473516949,0.209332191780822,81.2223728813559
"561","201809",9,"gr",0.446025298391282,0.25531208499336,73.7275017494754
"562","201810",10,"gr",0.449150752427186,0.240123456790123,64.9286968264687
"563","201811",11,"gr",0.447991202149096,0.28125,58.2166783461806
"564","201812",12,"gr",0.488131963630008,0.296733449477352,48.8222822417286
"565","201901",13,"gr",0.44155160507652,0.250970784023669,47.3627623561272
"566","201902",14,"gr",0.434142867620093,0.242404159869494,48.4322580645162
"567","201903",15,"gr",0.437798740513486,0.253258980301275,54.5476902173914
"568","201904",16,"gr",0.43765149115418,0.226993865030675,57.46629448709
"569","201905",17,"gr",0.447847495961235,0.253386699507389,65.9456389452334
"570","201906",18,"gr",0.455919900000004,0.240113941018767,78.1708245243128
"571","201907",19,"gr",0.469124419354841,0.256125415282392,80.3102319236015
"572","201908",20,"gr",0.477958822580647,0.212890625,82.4391304347826
"573","201909",21,"gr",0.469661950000003,0.225464876033058,74.3767832167832
"574","201910",22,"gr",0.475357467741932,0.23686030428769,67.6267845003399
"575","201911",23,"gr",0.468169616666665,0.226961157654227,62.4098591549294
"576","201912",24,"gr",0.493935870967734,0.239954545454545,52.9928320449755
"577","201801",1,"tr",0.51408882258065,NA,NA
"578","201802",2,"tr",0.497611589285714,NA,NA
"579","201803",3,"tr",0.492197709677417,NA,NA
"580","201804",4,"tr",0.486819700000004,NA,NA
"581","201805",5,"tr",0.487611483870972,NA,NA
"582","201806",6,"tr",0.475874250000004,NA,NA
"583","201807",7,"tr",0.466102758064516,NA,NA
"584","201808",8,"tr",0.454273661290326,NA,NA
"585","201809",9,"tr",0.455290783333339,NA,NA
"586","201810",10,"tr",0.4605215,NA,NA
"587","201811",11,"tr",0.456536333333331,0.388129425649095,53.3572727272728
"588","201812",12,"tr",0.452964112903225,0.476721094439541,43.0534867975625
"589","201901",13,"tr",0.459410790322584,0.432072368421053,42.7636852723606
"590","201902",14,"tr",0.454305267857141,0.524570024570025,42.8859060402683
"591","201903",15,"tr",0.457312758064519,0.404240353697749,48.7490489130436
"592","201904",16,"tr",0.469872399999999,0.439575426944972,52.6230715774842
"593","201905",17,"tr",0.471891693548384,0.347230816831683,65.4398117014122
"594","201906",18,"tr",0.473165799999999,0.38637487636004,75.018497913769
"595","201907",19,"tr",0.475971500000002,0.336746987951807,75.0681451612902
"596","201908",20,"tr",0.484095161290324,0.386264867337603,76.7456258411842
"597","201909",21,"tr",0.471397516666673,0.387643129770992,71.364181184669
"598","201910",22,"tr",0.454227645161295,0.457231570512821,64.4592741935482
"599","201911",23,"tr",0.445314983333338,0.441154534606205,60.7374999999999
"600","201912",24,"tr",0.446667645161295,0.437295751633987,49.8399999999999
"601","201801",1,"pl",0.488316645161293,0.628647859922179,33.5629032258064
"602","201802",2,"pl",0.488686071428572,0.576143067846608,26.6737704918032
"603","201803",3,"pl",0.482647725806452,0.565279649595687,33.9977088948788
"604","201804",4,"pl",0.493108100000003,0.47930602006689,56.8660180681029
"605","201805",5,"pl",0.497884903225811,0.416918429003021,65.7983870967743
"606","201806",6,"pl",0.48752176666667,0.359815618221258,68.0675000000002
"607","201807",7,"pl",0.492734322580647,0.387984496124031,71.286693548387
"608","201808",8,"pl",0.481362612903227,0.323621553884712,70.0431451612902
"609","201809",9,"pl",0.477586249999999,0.402275561097257,61.31875
"610","201810",10,"pl",0.463410903225806,0.504325259515571,50.4433378196501
"611","201811",11,"pl",0.463261333333332,0.680501662971175,40.2470670391061
"612","201812",12,"pl",0.499439177419359,0.601144688644689,35.044758064516
"613","201901",13,"pl",0.464186645161286,0.611282920989625,29.0367182246133
"614","201902",14,"pl",0.46471344642857,0.602178423236514,37.7241071428572
"615","201903",15,"pl",0.473595887096771,0.518172748004561,42.9191087103309
"616","201904",16,"pl",0.476781483333332,0.564876425855513,52.0900000000001
"617","201905",17,"pl",0.484862306451613,0.489399592944369,56.8562205783456
"618","201906",18,"pl",0.499329750000007,0.30487400530504,73.7787499999999
"619","201907",19,"pl",0.509125483870972,0.391423357664234,67.0473436449226
"620","201908",20,"pl",0.52030811290323,0.357428825622776,70.5270161290324
"621","201909",21,"pl",0.509592200000005,0.481950844854071,58.5111420612811
"622","201910",22,"pl",0.505745193548387,0.471492946708464,52.1653225806451
"623","201911",23,"pl",0.507326433333329,0.6905276816609,43.5342599027105
"624","201912",24,"pl",0.536934564516122,0.607205882352941,37.9178596247395
